Date,Keyword,Suggested Title,Avg Monthly Searches,Three Month Change,YoY Change,Competition,Why It's an Opportunity,How To Compete,Products to Feature
2026-08-27,best drill press vise,The 5 Best Drill Press Vises for Woodworking 2026,"ESTIMATED 1,500-2,500",n/a (no measured series),n/a (no measured series),LOW,"Every drill press owner eventually needs one and the channel has already covered benchtop and floor drill presses, so this is the natural accessory follow-up. Written roundups are thick (thinkwoodworking, Built With Tools, progressiveradionetwork all have 2026 pages) which proves commercial intent, but YouTube has essentially one thin list video. Cheap enough for impulse buying, and the wood-vs-metal split (soft jaw pads, cross-slide) gives a clear use-case frame nobody has claimed.",-,Wilton LP4 Low-Profile; Wilton CR3 Cradle-Style Angle Vise; Groz Uni-Grip; WEN CV414 Cross-Slide Vise; VEVOR 4-inch Cast Iron Drill Press Vise; Irwin 4-inch Drill Press Vise
2026-08-27,best drill bit sharpener,The 5 Best Drill Bit Sharpeners for Your Shop 2026,"ESTIMATED 3,000-5,000",n/a (no measured series),n/a (no measured series),LOW,"Strong commercial intent (six separate 2026 written roundups surfaced, all affiliate-monetised) with no dedicated YouTube roundup in the top results. The sharpening niche the channel already works in was covered on the chisel/plane side only, so drill bits are an untouched adjacency. The Drill Doctor line anchors a clear good/better/best price ladder from about $40 to $200.",-,Drill Doctor DD750X; Drill Doctor DD500X; General Tools 825 Drill Grinding Attachment; Tormek DBS-22 Drill Bit Sharpening Jig; Woodstock D4144 Drill Bit Sharpener; Multi-Sharp 2001 Drill Bit Sharpener
2026-08-27,best air hose reel,The 5 Best Air Hose Reels for the Garage Shop 2026,"ESTIMATED 2,500-4,000",n/a (no measured series),n/a (no measured series),LOW,"Pure shop-setup buyer intent in a niche the channel already sells into, and it pairs with every pneumatic tool video in the back catalogue. Coverage is almost entirely written (BestReviews, Tractor Supply, garagetooled) with no exact-match YouTube roundup, and the retractable-vs-manual and steel-vs-poly splits give real testable differences.",-,Reelworks L815153A 3/8-inch x 50ft; Goodyear 46765 Retractable Reel; VEVOR Retractable Air Hose Reel; Legacy Flexzilla L8305FZ; Coxreels EZ-P-LP-350; Ironton Dual-Arm Air Hose Reel
2026-08-27,best wood lathe chuck,The 5 Best Wood Lathe Chucks for Bowl Turning 2026,"ESTIMATED 1,000-2,000",n/a (no measured series),n/a (no measured series),LOW,"The channel has covered lathes and turning tools but never the chuck, which is the single highest-intent upgrade a new turner makes and runs $120-$350. YouTube has plenty of single-product unboxings (Nova G3, Record Power) but no exact-match comparison roundup, and the thread-adapter compatibility question is a genuine buying blocker nobody addresses on video.",-,Nova G3 ProTec Chuck; Nova Titan III; PSI Woodworking CSC3000C Barracuda System; Record Power SC4 Professional; WEN LA4444 4-inch Chuck Set; Oneway Talon Chuck
2026-08-27,best flooring nailer,The 5 Best Flooring Nailers for Hardwood Installs 2026,"ESTIMATED 4,000-6,000",n/a (no measured series),n/a (no measured series),MEDIUM,"High-ticket, high-intent purchase ($150-$500) from buyers on a deadline, and it is a nailer class the channel has not touched. Demand is proven by four separate 2026 written roundups plus multiple YouTube attempts, but no channel owns the term and the existing videos are ageing.","'The 6 Best Flooring Nailers for Hardwood of 2026' and the older 'Top 5 Best Flooring Nailers in 2025' currently split the term; both are generic voice-over affiliate lists with stock footage and no floor actually installed. Neither explains the 16ga L-cleat vs 15.5ga staple decision or which nailers take base plates for 1/2-inch engineered and thin plank, which is exactly where DIY buyers pick the wrong tool. Angle: lay a real 200 sq ft floor, swap base plates on camera for 3/4-inch solid vs 1/2-inch engineered, and time jam clearing on each gun.",Freeman PFL618BR 3-in-1; Bostitch BTFP12569; NuMax SFL618; Metabo HPT N5010AC; 3PLUS HFS9021SP; Powernail 445FSXP
2026-08-27,best benchtop bandsaw,The 5 Best Benchtop Bandsaws for Resawing 2026,"ESTIMATED 2,000-3,500",n/a (no measured series),n/a (no measured series),MEDIUM,"A $200-$700 machine purchase with strong recurring demand and a clean gap in the channel's benchtop-machine series. Enough 2026 coverage exists to prove the term converts, but all of it is from small channels recycling the same three saws.","'Best Benchtop Bandsaws 2026 - Top 5 Models Reviewed', 'The 6 Best Benchtop Bandsaws of 2026' and 'Best Benchtop Bandsaw for Beginners 2026' (Feb 2026) all rank; every one is a spec-recital list that names the same Skil BW9501 / WEN 3962 / Rikon 10-3061 trio with no cutting footage and no measured results. None frames the decision around actual resaw height and blade drift, which is the only reason a hobbyist upgrades from a jigsaw. Angle: resaw 4-inch and 6-inch hardwood on each saw with the factory blade, then repeat with a $25 Timber Wolf blade, and publish measured max resaw and drift per saw.",Rikon 10-3061 10-inch Deluxe; WEN 3962 10-inch Two-Speed; SKIL 3386-01 9-inch; Grizzly G0803Z 9-inch; Jet JWBS-10 10-inch; Craftsman CMEW730 10-inch
2026-08-27,best miter saw stand,The 5 Best Miter Saw Stands for Jobsite Work 2026,"ESTIMATED 5,000-8,000",n/a (no measured series),n/a (no measured series),MEDIUM,"Bigger demand than the other MEDIUM picks and a $150-$450 affiliate ticket, feeding directly off any miter saw content. Pro Tool Reviews owns the written result but its YouTube presence on the term is weak, so the video slot is genuinely contested rather than closed.","Pro Tool Reviews' '5 Best Miter Saw Stands Reviewed' owns the written SERP; on YouTube '7 Best Miter Saw Stand 2026! Tested and Reviewed' and 'TOP 5 Best Portable Miter Saw Stands 2026' are thin list videos with no stand loaded or moved on camera. All of them dodge the actual decision - the $299 DeWalt DWX726 against the $449 Bosch T4B - and none shows one person getting a stand with a 65 lb 12-inch saw mounted in and out of a truck bed alone. Angle: timed solo load and unload for each stand plus a dial-indicator deflection test under a loaded saw, framed as van/truck vs garage rather than a ranking.",DeWalt DWX723 Heavy-Duty; DeWalt DWX726 Rolling; Bosch T4B Gravity Rise; Bosch GTA3800 Folding Leg; WEN MSA330 Collapsible Rolling; Kobalt KMS-S16 Steel Rolling
2026-08-27,best benchtop thickness planer,The 5 Best Benchtop Thickness Planers for Small Shops 2026,"ESTIMATED 8,000-14,000",n/a (no measured series),n/a (no measured series),HIGH,The highest affiliate ticket on this list ($400-$900) against sustained demand - a planer is the machine hobby woodworkers save for. Worth attempting despite the competition because commission per conversion dwarfs the LOW-tier picks.,"Every 2026 roundup - workshopcalc, WoodnBits, misec, Family Handyman, plus 'Best Thickness Planer 2026 - Top 5 Benchtop & Helical', 'The 5 Best Benchtop Planers 2026' and 'Top 5 Benchtop Planers 2026' on YouTube - lands on the same DeWalt DW735X / DW734 / WEN ranking, and the DW735X has been the consensus answer for years. The shared weakness is that nobody measures snipe, and nobody treats the spiral/helical shift (Cutech 40800H, WEN PL1326) as the real 2026 story. Angle: dial-indicator snipe measurements on the same board through all six machines, plus cost-per-board-foot of straight knives against carbide inserts over a year - data no existing video has.",DeWalt DW735X 13-inch; DeWalt DW734 12-1/2-inch; WEN PL1326 Spiral Cutterhead; Cutech 40800H 13-inch Spiral; Ridgid R4331; Makita 2012NB 12-inch
2026-08-27,best pocket hole jig,The 5 Best Pocket Hole Jigs for Cabinet Building 2026,"ESTIMATED 12,000-20,000",n/a (no measured series),n/a (no measured series),HIGH,"One of the largest evergreen buyer-intent terms in woodworking, with an unusually complete affiliate ladder from a $30 Massca M1 to a $149 Kreg 720Pro plus screws and clamps as repeat attach sales. The volume is the reason to attempt it.","Family Handyman and Bob Vila own the written SERP; on YouTube 'Top 6 Best Pocket Hole Jigs in 2026' (Apr 2026) and 'Top 10 Best Pocket-Hole Jigs 2026' (May 2026) are both exact-match optimised and current. What every one of them shares: they compare the Kreg 720Pro against the 520Pro, list Massca and WEN as filler, and still pitch the 2021-era 720Pro as if it were new - and not one measures whether the joints differ in strength. Angle: destructive break-testing of identical glued-and-screwed joints from each jig on a load rig with numbers on screen, framed as 'which jig for face frames vs 2x4 furniture' - a use-case split none of the incumbents uses.",Kreg 720Pro; Kreg 520Pro; Massca Pro M2 Aluminum; Massca M1 Kit; WEN PH2 Pocket Hole Jig Kit; Armor Tool AP600
2026-08-27,best oscillating multi tool,The 5 Best Oscillating Multi-Tools for Remodeling 2026,"ESTIMATED 15,000-25,000",n/a (no measured series),n/a (no measured series),HIGH,"The biggest demand on this list and a tool with genuinely broad buyer appeal across remodelling, trim and repair. Blades are a strong recurring attach sale, which is what makes the term worth contesting even against an entrenched incumbent.","Pro Tool Reviews owns the exact term with a standing head-to-head review, and YouTube carries at least six exact-match 2026 roundups ('Best Oscillating Multi Tools 2026 - The Only 6 To Consider Today', 'The 6 Best Oscillating Multi-Tools 2026', 'Best Oscillating Multi Tool 2026 | 8 Powerful Picks' and others). Almost all of them are battery-platform loyalty videos - DeWalt users, Milwaukee users - and not one compares blade cost and blade life, which is where the tool actually spends the owner's money. Angle: fit the identical Starlock blade to every tool, run timed plunge cuts through nail-embedded 2x4 and tile grout, and add a 'you own no batteries yet' track that puts the corded Flex FX4111 in play - framing no incumbent offers.",Flex FX4111; Milwaukee M18 FUEL 2836-20; DeWalt DCS356 20V MAX XR; Bosch GOP18V-34; Makita XMT03Z; Ryobi PBLMT50 One+ HP
