Date,Keyword,Suggested Title,Volume,Competition,Why It's an Opportunity,Products to Feature
2026-07-24,best conduit bender 2026,The 5 Best Conduit Benders for Electricians 2026,Medium,Very Low,"Real recurring pro/DIY demand across 10+ SEO buying-guide blogs, but zero dedicated ""Best Conduit Bender [Year]"" roundups exist on YouTube at all -- term is essentially unclaimed despite the blog-side competition.","Klein Tools 51607, Klein 80148 ACCU-BEND, Greenlee 1810 Little Kicker, IDEAL 74-046, TEMCo TH1909, Gardner Bender B2000"
2026-07-24,best knockout punch set 2026,The 5 Best Knockout Punch Sets for Electrical Panels 2026,Medium,Very Low,"5+ dedicated buying-guide blogs show real purchase research and a $40-300+ AOV, but no dedicated YouTube roundup exists in this format -- only scattered single-product reviews.","Greenlee 7906SB 8-Ton Hydraulic Kit, Klein Tools ratcheting knockout set, TEMCo TH0004 9-Ton, iGeelee 6-piece ratchet kit, Vevor 15-Ton hydraulic set, Southwire knockout kit"
2026-07-24,best lumber rack 2026,The 5 Best Wall-Mounted Lumber Racks for Your Shop 2026,Medium,Very Low,"7 dedicated blog buying guides and a top product with 5,000+ reviews confirm proven demand, yet zero dedicated YouTube ""Best Lumber Rack"" roundups exist.","Bora Portamate, DEWALT Cantilever Rack, Ultrawall 3-Level Rack, YYR Wall Mount Rack, Rockler Lumber Rack, POWERTEC Wall-Mount Storage Rack"
2026-07-24,best outfeed table for table saw 2026,The 5 Best Outfeed Tables for Your Table Saw 2026,Medium,Low,"Natural companion purchase for every table saw owner with real buying-guide blog coverage, but YouTube content is almost entirely DIY-build tutorials -- zero dedicated product roundups found.","SawStop TSA-FOT Folding Outfeed Table, Bora Adjustable Conveyor Roller Stand, Rousseau Model 2725, Rockler Rock-Steady Kit, DEWALT DW7440RS Rolling Stand, Powermatic Outfeed Accessory"
2026-07-24,best box joint jig 2026,The 5 Best Box Joint Jigs for Woodworking 2026,Medium-Low,Low,"Established commercial product ecosystem (INCRA, JessEm, Rockler, Katz-Moses) signals real buyer interest, but no dedicated ""Best Box Joint Jig"" roundup exists -- only single-product reviews and DIY builds.","INCRA I-BOX, JessEm 06300 Precision, Rockler Router Table Box Joint Jig, Katz-Moses Box Joint Jig, Freud Box Joint Cutter Set, POWERTEC Budget Jig"
2026-07-24,best french cleat wall storage system 2026,The 5 Best French Cleat Storage Systems for Your Workshop 2026,High,Low,"Huge search interest in ""French cleat"" but existing YouTube content is nearly all DIY-build tutorials rather than product comparisons -- only 1 competing roundup found, leaving the buying-guide angle wide open.","Rockler French Cleat Wall System, Kreg French Cleat Hardware, Milescraft French Cleat Kit, Bora Portamate Cleat Rail, WallPeg/OOK French Cleat Hangers, Triton Workshop Cleat Panels"
2026-07-24,best card scraper 2026,The 5 Best Card Scrapers for Furniture Finishing 2026,Low-Medium,Low,"Real hand-tool finishing demand (LumberJocks/forum chatter plus dedicated retailers), but only 2 dedicated roundups exist and neither has been refreshed since 2021-24.","Bahco, Lee Valley/Veritas Card Scraper Set, Crown Hand Tools, DFM Tool Works, WoodRiver, Two Cherries"
2026-07-24,best fish tape 2026,The 5 Best Fish Tapes for Electrical Wiring 2026,Medium,Low,"7+ independent buying-guide blogs signal steady recurring pro demand, but only 1-2 genuine dedicated roundups surfaced and no major electrician/review channel owns the exact-match term.","Klein Tools 56331 (steel), Klein 50375 Hi-Flex (polyester), Southwire Polymer Fish Tape, Greenlee Steel Fish Tape, IDEAL Blued-Steel Fish Tape, Milwaukee/Jameson Fiberglass Fish Tape"
2026-07-24,best marking knife 2026,The 5 Best Marking Knives for Precision Woodworking 2026,Medium,Low,"Multiple fresh 2026 buying-guide articles show real interest, but only one dated dedicated roundup (2021) exists on YouTube with no recent refresh.","Veritas Striking Knife (Lee Valley), Blue Spruce Toolworks, Clarke Brothers, Kakuri Kiridashi, Robert Sorby, Czeck Edge"
2026-07-24,best shop air filtration system 2026,The 5 Best Air Filtration Systems for Your Workshop 2026,Medium,Low,"5 dedicated buying-guide blogs show recurring interest; the mainstream ""air purifier"" term is saturated but home/consumer-focused, leaving the workshop-specific angle with just 1 competing roundup.","WEN 3410, POWERTEC AF4000, JET AFS-1000C, Rockler Dust Right, AlorAir PureCare 1350IG, DeWALT DWXAF101"
2026-07-24,best cable puller 2026,The 5 Best Cable Pullers for Electricians 2026,Medium,Low,"Real pro demand with a strong $50-300 AOV; only ~3 dedicated 2025/26 videos exist and no single channel dominates the format.","Greenlee Versi-Tugger G1, Klein Tools Cable/Wire Puller, Southwire Maxis Puller, IDEAL K-Series Cable Puller, Rack-A-Tiers The Ferret, Klein 1000lb Come-Along Puller"
2026-07-24,best table saw featherboard 2026,The 5 Best Featherboards for Table Saw Safety 2026,Medium,Low-Medium,"Steady safety-accessory buying-guide interest across 5-6 review sites; only ~4 dedicated roundups exist across 5 years and no major review channel (Project Farm, Pro Tool Reviews) has claimed the term.","Kreg True-FLEX, POWERTEC Tandem Feather Boards, Bow Products FeatherPRO FP1, Magswitch SavR, Milescraft 1406, Rockler Featherboard"
2026-07-24,best heavy duty staple gun 2026,The 5 Best Heavy Duty Staple Guns for Workshop & Outdoor Use 2026,Medium-High,Low,"Broad buyer base across upholstery, fencing, and general DIY; the generic ""best staple gun"" term is saturated (8+ videos) but the differentiated ""heavy duty"" exact-match angle has only 2 dedicated videos and no dominant channel.","Arrow T50, Surebonder 9600A/9600B Pneumatic, DEWALT DWHTTR510, Freeman PST9850 Pneumatic, WORKPRO W009222N Corded Electric, Stanley TRE550 Heavy Duty Electric"
2026-07-24,best rolling tool cart for workshop 2026,The 5 Best Rolling Tool Carts for Your Workshop 2026,Medium,Low-Medium,"Many small-blog buying guides signal genuine buyer intent, and no exact-match ""best rolling tool cart"" YouTube roundup surfaced (existing hits were off-target tool chests/bags/golf carts) -- needs tight ""for the workshop"" framing to stay on-niche.","VEVOR Utility Cart, WEN 500lb Utility Cart, Keter Stack-n-Roll, AIRAJ 3-Tier Cart, Milwaukee Packout Cart, Husky Rolling Tool Cart"
2026-07-24,best power planting auger 2026,The 5 Best Power Planting Augers for Your Yard 2026,Medium,Low,"Active retail demand shown by an Amazon Best Seller category and multiple established brands, but no genuine recent dedicated roundup exists -- only a mislabeled 2021 video and product listings.","XtremepowerUS Roto Digger, Power Planter 3x7 (USA-made), TCBWFY 2-Pack Auger, LOOTOOLS 1.6in Auger, Garden Elf Auger, Generic Tungsten-Tip Heavy Duty Auger"
