Date,Keyword,Video Title,Title Style,Category,Avg Monthly Searches,Three Month Change,YoY Change,Competition,Why It's an Opportunity,How To Compete,Products to Feature
2026-10-10,best car phone mount,Top 5 BEST Car Phone Mounts in 2026 | Watch Before You Buy,S2,Car Electronics & Accessories,"40,000-80,000 (ESTIMATED)",n/a (estimated),n/a (estimated),HIGH,Huge evergreen accessory with impulse-buy pricing and a MagSafe upgrade cycle driving fresh searches.,"Owned by big tech reviewers (MKBHD-style iPhone accessory channels, Car Throttle-style lists) whose videos are phone-centric and short on vehicle fit. Win with a vent/dash/cupholder/windshield test on 3 real cars, a pothole-shake test and MagSafe hold-strength on a heavy Pro Max.",iOttie Easy One Touch 5; Belkin BoostCharge Pro MagSafe Car Mount; Peak Design Car Vent Mount; ESR HaloLock Magnetic Wireless Car Charger; Lamicall Car Phone Holder Dashboard; VICSEED Car Phone Holder Mount
2026-10-10,best induction heater for bolts,I Tested the Best Induction Heaters for Rusted Bolts — Here's What Actually Works in 2026,S6,Automotive Tools,"2,000-5,000 (ESTIMATED)",n/a (estimated),n/a (estimated),LOW,"Flameless alternative to a torch that every rust-belt DIYer wants; web roundups exist but YouTube has mostly single-tool demos, not ranked comparisons.",-,Induction Innovations Mini-Ductor Venom HP; Induction Innovations Mini-Ductor II MD-700; Bolt Buster BB-1800 Magnetic Induction Heater; Mxmoonfree 1500W Magnetic Induction Heater; Solary H7 1200W Induction Heater Kit; VEVOR 1000W Magnetic Induction Heater Kit
2026-10-10,best rotary polisher,Which Rotary Polisher Should You Buy? Top 5 Picks Compared,S9,Exterior Care & Detailing,"3,000-6,000 (ESTIMATED)",n/a (estimated),n/a (estimated),MEDIUM,Natural step-up for viewers who already own a DA polisher; heavy paint correction buyers spend $150-$350.,"Detailing channels (Ammo NYC, Pan the Organizer) cover DA polishers heavily but rotaries mostly in technique videos or single-brand reviews. Win with a head-to-head cut test on the same panel, heat build-up readings and a beginner-safety angle (hologram risk per tool).",Rupes LH19E Rotary Polisher; Flex PE14-2-150; Makita 9237CX3 Polisher; DeWalt DWP849X; Milwaukee M18 FUEL 2738-20 Rotary Polisher; Adam's Polishes Swirl Killer Rotary
2026-10-10,best wheel chocks,Top 5 Wheel Chocks to Buy,S1,Automotive Tools,"5,000-10,000 (ESTIMATED)",n/a (estimated),n/a (estimated),LOW,Cheap safety essential bought alongside jack stands and RVs; almost no dedicated YouTube roundups.,-,MaxxHaul 70472 Solid Rubber Heavy Duty Wheel Chock; Camco 44414 Wheel Stop; Rhino USA Heavy Duty Rubber Wheel Chocks; ROBLOCK Wheel Chocks 2-Pack; BETOOLL Heavy Duty Rubber Wheel Chocks; Camco 44471 Large Wheel Chock
2026-10-10,best halogen headlight bulbs,Brighter Without LEDs — Best Halogen Headlight Bulbs Ranked (2026),S10,Lighting,"8,000-15,000 (ESTIMATED)",n/a (estimated),n/a (estimated),MEDIUM,Many states/inspections and reflector housings still favor halogen; buyers want the brightest legal plug-and-play bulb.,"LED bulbs dominate the space; halogen coverage is a few older Sylvania-vs-Philips videos from mid-size channels. Win with lux-meter readings at 25 m, beam-pattern wall shots and a lifespan/price-per-hour table.",Sylvania SilverStar Ultra; Philips X-tremeVision Pro150; Sylvania XtraVision; Philips VisionPlus; Osram Night Breaker 200; Philips CrystalVision Ultra
2026-10-10,best heat gun,5 Best Heat Guns in 2026,S3,Automotive Tools,"20,000-40,000 (ESTIMATED)",n/a (estimated),n/a (estimated),HIGH,"Multi-use garage tool (vinyl wrap, shrink tubing, PPF, trim restore, stuck bolts) with constant demand.","Project Farm-style test channels and big home-improvement sites own the generic term. Win with an automotive-only angle: heat-shrink, vinyl-wrap and plastic-trim tests, real nozzle temps with a thermocouple, plus a cordless vs corded section.",SEEKONE 1800W Heat Gun; DeWalt D26960K LCD Heat Gun; Milwaukee M18 2688-20 Compact Heat Gun; Wagner Furno 750; Genesis GHG1500A; Ryobi ONE+ P3150 Heat Gun
2026-10-10,best tire deflators,Best Tire Deflators for Off-Road Trails (2026),S4,"Truck, Towing & Off-Road","2,000-5,000 (ESTIMATED)",n/a (estimated),n/a (estimated),LOW,Every airing-down 4x4 owner needs one; off-road channels show them in passing but rarely rank them.,-,ARB E-Z Deflator ARB600; Staun Automatic Tire Deflators; Coyote Tire Deflator; Rhino USA Tire Deflator Gauge Kit; TireTek Off Road Tire Deflator; JACO ElitePro Tire Deflator
2026-10-10,best brake rotors,We Tested 20 Brake Rotors So You Don't Have To (Here Are the 7 Winners),S7,Replacement Parts & Fluids,"15,000-30,000 (ESTIMATED)",n/a (estimated),n/a (estimated),HIGH,Recurring maintenance purchase with high cart value; buyers compare blank vs drilled/slotted and coated vs uncoated.,"ChrisFix and Eric the Car Guy dominate brake-job content and big spec sites own the text SERP, but few ranked rotor roundups exist on YouTube. Win with a rust-after-salt-spray test of coatings, runout measurements out of the box and clear blank vs drilled/slotted advice by vehicle use.",Raybestos Element3 Coated Rotor; ACDelco Silver Rotor; PowerStop AR series Drilled & Slotted Rotors; Bosch QuietCast Premium Rotor; EBC Brakes USR Slotted Rotors; Duralast Gold Rotor; Wagner E-Shield Rotor
2026-10-10,best ball joint separator,Which Ball Joint Separator Should You Buy? Top 5 Picks Compared,S9,Automotive Tools,"1,000-3,000 (ESTIMATED)",n/a (estimated),n/a (estimated),LOW,"Must-have for any suspension job; only blog lists cover it and video content is how-to, not product comparison.",-,Orion Motor Tech 5-Piece Pickle Fork Set; OEMTOOLS 37201 Pickle Fork Set; OEMTOOLS 25202 Pickle Fork; Astro Pneumatic 7824 Ball Joint Separator; GEARWRENCH 3916D Adjustable Tie Rod Separator; Lisle 41860 Tie Rod Puller
2026-10-10,best bluetooth fm transmitter,7 Best Bluetooth FM Transmitters Under $50 – Best Bang for Your Buck!,S5,Car Electronics & Audio,"10,000-20,000 (ESTIMATED)",n/a (estimated),n/a (estimated),MEDIUM,Cheapest way to add Bluetooth to an older car; very high Amazon velocity and repeat 'my old car' searches.,"Owned by a few mid-size gadget channels whose top videos are 2-4 years old and feature discontinued models. Win with in-car recorded audio comparisons (static, hiss, call quality) and a charging-speed test on each USB-C port.",Nulaxy KM18; Anker Roav SmartCharge F0; Syncwire Bluetooth FM Transmitter; LENCENT Bluetooth FM Transmitter; Scosche BTFM4 FM Transmitter; Guanda Bluetooth FM Transmitter
2026-10-10,best graphene coating,I Tested the Best Graphene Coatings — Here's What Actually Works in 2026,S6,Exterior Care & Detailing,"5,000-10,000 (ESTIMATED)",n/a (estimated),n/a (estimated),HIGH,"Graphene is the hot upgrade to ceramic, with $30-$90 kits and strong affiliate commissions.","Ammo NYC, Pan the Organizer and brand channels (Adam's, Ethos) own the term, but their videos are brand-led or single-product. Win with a side-by-side panel test over 3+ months (beading, water spot resistance), graphene vs ceramic verdict and an honest 'is it marketing?' angle.",Adam's Advanced Graphene Ceramic Coating Kit; Ethos Graphene Defense Ceramic Coating; Turtle Wax Hybrid Solutions Pro Graphene Flex Wax; Chemical Guys Graphene Ceramic Coating Kit; Torque Detail Graphene Coating; Gtechniq Crystal Serum Light
2026-10-10,best manual tire changer,Top 5 Manual Tire Changers to Buy,S1,Automotive Tools,"2,000-4,000 (ESTIMATED)",n/a (estimated),n/a (estimated),LOW,"Saves $25+ per tire swap for DIYers, trailer and ATV owners; few roundups, mostly single-unit demos.",-,VEVOR Manual Tire Changer Portable Bead Breaker; MOTOOS Manual Tire Changer; TUFFIOM Manual Tire Changer; Goplus Portable Hand Tire Changer; No-Mar Tire Changer Classic; Big Red T64002 Torin Tire Changer
2026-10-10,best snow brush,Stop Scratching Your Paint: The Snow Brush Pros Actually Use,S8,Exterior Protection & Safety,"10,000-20,000 (ESTIMATED)",n/a (estimated),n/a (estimated),MEDIUM,"Seasonal spike starts in October; every northern driver buys one, and paint-safe foam heads are a new upgrade.","Mid-size car-accessory channels cover it with dated lists; no big channel owns it. Win with a paint-safe test on a black panel, reach test on a full-size truck roof and a heavy-ice scraper comparison.",SnoBrum Original Snow Removal Tool; Hopkins SubZero 80037 Extendable Snow Brush; Snow Joe SJBLZD-LED 4-in-1 Telescoping Snow Broom; AstroAI 27 Inch Snow Brush and Ice Scraper; Mallory 532 Cool-Force Snow Brush; Hopkins SubZero 16180 Snow Broom
2026-10-10,best seat back protectors,Best Seat Back Protectors for Kids' Kick Marks (2026),S4,Interior Care & Accessories,"3,000-6,000 (ESTIMATED)",n/a (estimated),n/a (estimated),LOW,Steady parent purchase with multi-pack pricing; YouTube has almost no ranked comparisons.,-,Lusso Gear Kick Mats with Organizer; Helteko Car Seat Back Protector 2-Pack; Drive Auto Products Kick Mats; Smart eLf Kick Mats 2-Pack; Brica Elite Seat Back Protector
2026-10-10,best wheel hub puller,Which Wheel Hub Puller Should You Buy? Top 5 Picks Compared,S9,Automotive Tools,"1,500-3,000 (ESTIMATED)",n/a (estimated),n/a (estimated),MEDIUM,Seized hubs are a top DIY frustration; buyers search right before a wheel bearing job.,"Covered mostly inside wheel-bearing how-tos (ChrisFix, Eric the Car Guy) and a couple of mid-size tool channels with single-kit reviews. Win with a real seized-hub test comparing slide hammer, hub-puller plate and hydraulic options, plus a fitment chart by bolt pattern.",OEMTOOLS 77509 Universal FWD Hub Puller; OTC 4579 Stinger 9-Way Slide Hammer Puller Set; Orion Motor Tech Slide Hammer Puller Set; Lisle 22050 Axle Puller; GearWrench 3904 Hub Grappler Kit; DAYUAN Hub Puller Kit
2026-10-10,best agm car battery,Top 5 BEST AGM Car Batteries in 2026 | Watch Before You Buy,S2,Replacement Parts & Fluids,"10,000-20,000 (ESTIMATED)",n/a (estimated),n/a (estimated),HIGH,Start-stop vehicles and winter cold-cranking failures drive big-ticket searches every fall.,"Project Farm-style test channels and parts-store content own battery testing. Win with a cold-cranking test after a freezer soak, reserve-capacity numbers and a cost-per-year-of-warranty table sold on Amazon.",Optima RedTop 34/78; Odyssey ODP-AGM65 Performance; Interstate MTX AGM; Bosch S6 AGM; NorthStar NSB-AGM94R; Weize Platinum AGM
2026-10-10,best led pod lights,7 Best LED Pod Lights Under $100 – Best Bang for Your Buck!,S5,Lighting,"8,000-15,000 (ESTIMATED)",n/a (estimated),n/a (estimated),MEDIUM,"Ditch-light and fog-replacement favourite for trucks and Jeeps, separate from full light bars.","Owned by brand channels (Baja Designs, Diode Dynamics) with premium-only lineups and older Jeep channels. Win with budget-tier lux-at-distance tests, beam shots side by side and a waterproof hose test.",Nilight LED Pod Lights 2-Pack; Auxbeam 3 Inch LED Pods; Diode Dynamics SS3 Sport; Rigid Industries D-Series Pro; Baja Designs Squadron Sport; Hella ValueFit HVF 3 Inch
2026-10-10,best truck bed extender,5 Best Truck Bed Extenders in 2026,S3,"Truck, Towing & Off-Road","3,000-6,000 (ESTIMATED)",n/a (estimated),n/a (estimated),LOW,High-price accessory ($100-$300) with few YouTube roundups; buyers comparing hitch vs tailgate types.,-,AMP Research BedXTender HD Sport; Darby Extend-A-Truck; Tyger Auto Hitch Mount Bed Extender; Rhino USA Truck Bed Extender; Erickson Big Bed Hitch Extender; Lund Truck Bed Extender
2026-10-10,best headrest monitors,Keep the Kids Happy on Road Trips — Best Headrest Monitors Ranked (2026),S10,Car Electronics & Audio,"2,000-5,000 (ESTIMATED)",n/a (estimated),n/a (estimated),LOW,Family road-trip buyers spend $150-$350; few current video comparisons.,-,Audiovox AVXMTGHR9HD; XTRONS HM141AB 14 inch Android Headrest Monitor; NAVISKAUTO 10.1 inch Headrest DVD Player; Audiovox AVX10USB; XTRONS HD101T; Lenmer 10.1 Inch Headrest Video Player
2026-10-10,best electric pressure washer for cars,We Tested 20 Electric Pressure Washers for Cars So You Don't Have To (Here Are the 7 Winners),S7,Exterior Care & Detailing,"5,000-10,000 (ESTIMATED)",n/a (estimated),n/a (estimated),HIGH,Gas pressure washers already covered; electric units are what detailers actually use for foam-cannon washes.,"Pan the Organizer and Ammo NYC own detailing pressure-washer content and Project Farm tested flow rates. Win with car-specific metrics: foam cannon thickness at each unit's GPM, hose/cord ergonomics and noise in a driveway, plus a short-list under $200.",Ryobi RY142300 2300 PSI; Sun Joe SPX3000; Greenworks 1800 PSI GPW1802; Kärcher K1800PS; Westinghouse ePX3100; AR Blue Clean AR383SS; Active 2.0 Electric Pressure Washer
