Date,Keyword,Video Title,Title Style,Category,Avg Monthly Searches,Three Month Change,YoY Change,Competition,Why It's an Opportunity,How To Compete,Products to Feature
2026-10-06,best roof de-icing cable,Best Roof De-Icing Cable for Ice Dams (2026),S4,Outdoor Home Improvement,"~4,000-8,000 (ESTIMATED)",Not measured (no API credentials),Not measured (no API credentials),LOW,"Demand climbs Oct-Jan ahead of ice-dam season; web results are thin affiliate blogs and maker pages, with no strong recent YouTube roundup.",-,Frost King RC120 Roof Cable Kit; HEATIT HIRD Self-Regulating Roof & Gutter De-Icing Cable; Radiant Solutions HeatTapePro HTP-120; EasyHeat ADKS Roof & Gutter De-Icing Kit; WarmlyYours Roof & Gutter Self-Regulating Cable ET-SR-120
2026-10-06,best infrared heater,Top 5 BEST Infrared Heaters in 2026 | Watch Before You Buy,S2,Heating,"~15,000-30,000 (ESTIMATED)",Not measured (no API credentials),Not measured (no API credentials),HIGH,High-volume heating term peaking now; buyers want 'cheap to run' proof.,"This Old House, Bob Vila and PopSci own the web results, and Dr Infrared dominates video. Their roundups mix infrared, ceramic and quartz units with no running-cost data. Win with a kWh-meter cost-per-night test and a 'heats objects, not air' demo on camera.",Dr Infrared Heater DR-968; Duraflame 5HM8000 3D Infrared Electric Stove; Heat Storm HS-1500-PHX Phoenix; Dr Infrared DR-238 Carbon Infrared; Lifesmart LifePro 3-Element Infrared; Comfort Zone CZ2011
2026-10-06,best window insulation kit,Cut Your Winter Heating Bill — Best Window Insulation Kits Ranked (2026),S10,Doors & Windows,"~5,000-10,000 (ESTIMATED)",Not measured (no API credentials),Not measured (no API credentials),MEDIUM,Cheap impulse buy with strong October-November seasonality; renters and homeowners alike.,"Bob Vila and Bustle own the web listings; existing videos are mostly single-kit install how-tos. Win with a side-by-side thermal-camera test of the shrink films, plus a heavy-duty and patio-door option.",Duck Brand Indoor Window Shrink Film Kit (10 window); 3M Indoor Window Insulator Kit 2141W; Frost King V73/9H Indoor Shrink Kit; Duck Brand Max Strength Heavy Duty Insulator Kit; 3M Patio Door Insulator Kit 2144W
2026-10-06,best freeze alarm for pipes,Stop Burst Pipes Before They Happen: The Freeze Alarms Pros Actually Use,S8,Plumbing,"~1,500-3,000 (ESTIMATED)",Not measured (no API credentials),Not measured (no API credentials),LOW,"Rising demand from snowbirds and vacation-home owners each fall; results are maker pages and a Wikipedia entry, with no buyer roundup.",-,Temp Stick WiFi Remote Temperature Sensor; YoLink Smart Temperature Sensor Starter Kit; SensorPush HT1 with G1 WiFi Gateway; Govee WiFi Thermometer H5179; MarCELL Pro Cellular Monitoring System
2026-10-06,best radon detector,Which Radon Detector Should You Buy? Top 5 Picks Compared,S9,Security & Safety,"~5,000-10,000 (ESTIMATED)",Not measured (no API credentials),Not measured (no API credentials),MEDIUM,"Steady demand that lifts in winter (closed-house season, and January is Radon Action Month); high-ticket ($150-$250) affiliate items.","SafeWise, Bob Vila and Airthings' own content own the term; YouTube has a few Airthings vs RadonEye comparisons from mid-size channels. Win with a 5-way side-by-side over 30 days and a clear 'continuous vs test kit' verdict.",Airthings Corentium Home 2; Ecosense RadonEye RD200; Ecosense RadonEye Plus2 RD200P; Airthings View Plus; Airthings Wave Radon; Ecosense EcoQube
2026-10-06,best underlayment for vinyl plank flooring,Best Underlayment for Vinyl Plank Flooring (2026),S4,Flooring,"~3,000-6,000 (ESTIMATED)",Not measured (no API credentials),Not measured (no API credentials),LOW,"Strong DIY LVP buyer intent; the web is led by Bob Vila, and YouTube mostly has install tutorials rather than product roundups.",-,MP Global QuietWalk Plus; Roberts 70-193 Super Felt; FloorMuffler UltraSeal; Eco Cork Foam Underlayment; Floorlot 3-in-1 Underlayment
2026-10-06,best humidifier for large room,I Tested the Best Large Room Humidifiers — Here's What Actually Works in 2026,S6,Cooling & Air Quality,"~10,000-20,000 (ESTIMATED)",Not measured (no API credentials),Not measured (no API credentials),HIGH,Dry-air season starts now; big-ticket evaporative units convert well.,"Consumer Reports, Wirecutter and Bob Vila own it, and their picks skew toward small bedroom units. Win by measuring real room RH gain over 8 hours in a 1,000+ sq ft space, focused only on console and evaporative units.",LEVOIT Superior 6000S; AIRCARE MA1201 Whole-House Console; Vornado EVDC500; Honeywell HEV685; LEVOIT OasisMist 1000S; Honeywell HCM-350
2026-10-06,best wallpaper steamer,Top 5 Wallpaper Steamers to Buy,S1,Paint & Painting Supplies,"~1,500-3,000 (ESTIMATED)",Not measured (no API credentials),Not measured (no API credentials),LOW,"Off-season fall renovation demand; only blog listicles rank, and YouTube is limited to single-product demos.",-,Wagner 715 Power Steamer; Wagner 725 Wallpaper Steamer; Earlex SS77USSG Steam Generator; HomeRight SteamMachine C900104; VEVOR 2000W Wallpaper Steamer
2026-10-06,best heated snow melting mats,5 Best Heated Snow Melting Mats in 2026,S3,Outdoor Home Improvement,"~2,000-5,000 (ESTIMATED)",Not measured (no API credentials),Not measured (no API credentials),LOW,"Pre-winter buying window is now; content is mostly low-quality listicles, with few video roundups.",-,HeatTrak Residential Snow Melting Mat 20x48; HeatTrak Heated Stair Mat 10x30; Summerstep Residential Heated Walkway Mat; ANSIKE Graphene Heated Snow Melting Mat; RVSNAIL Heated Snow Melting Mat 3-Pack; HETFOENT Heated Stair Mats 3-Pack
2026-10-06,best drywall anchors,We Tested 20 Drywall Anchors So You Don't Have To (Here Are the 7 Winners),S7,Hardware,"~8,000-15,000 (ESTIMATED)",Not measured (no API credentials),Not measured (no API credentials),HIGH,Evergreen DIY term with huge Amazon unit sales; fall TV- and shelf-mounting season.,"Project Farm's anchor pull test and Bob Vila's tested roundup own it. Both are pull-out only. Win by testing shear load (TV and shelf use), 1/2 in vs 5/8 in drywall, and removal damage, then giving picks by job.",TOGGLER SnapToggle BA; E-Z Ancor Toggle Lock 25311; Cobra Anchors WallDriller; Cobra Triplegrip Plastic Anchors; Hillman Hollow Wall Molly Anchors
2026-10-06,best kerosene heater,"No Power, No Problem — Best Kerosene Heaters Ranked (2026)",S10,Heating,"~5,000-10,000 (ESTIMATED)",Not measured (no API credentials),Not measured (no API credentials),MEDIUM,Demand spikes with storm and outage season (Oct-Feb); emergency-prep buyers.,"Field & Stream and pickhvac rank on the web; YouTube has several mid-size prepper channels with 2-4-year-old single-unit reviews. Win with a fresh multi-unit roundup that measures run time per tank, odour, and CO readings indoors.",Dyna-Glo WK24BK Indoor Kerosene Convection Heater; Sengoku HeatMate HMN-110; Kero World KW-12; Sengoku KeroHeat CV-23K; Dyna-Glo RMC-95C6 Indoor Kerosene Radiant; Mr. Heater MH75KFR Forced Air
2026-10-06,best garage door bottom seal,7 Best Garage Door Bottom Seals Under $50 – Best Bang for Your Buck!,S5,Doors & Windows,"~3,000-6,000 (ESTIMATED)",Not measured (no API credentials),Not measured (no API credentials),LOW,High Amazon sales velocity; fall pest- and draft-proofing; results are thin spam listicles.,-,Tsunami Seal 54016 Garage Door Bottom; Frost King GDB9 Garage Door Bottom; M-D Building Products Rubber Garage Door Bottom; Holikme T-Style Garage Door Bottom Seal; Ideal Security Garage Door Bottom Weatherstrip
2026-10-06,best concrete crack filler,Stop Patching Cracks Twice: The Concrete Crack Fillers Pros Actually Use,S8,Building Materials,"~6,000-12,000 (ESTIMATED)",Not measured (no API credentials),Not measured (no API credentials),HIGH,Last chance to seal before freeze-thaw season; buyers also need caulk guns.,"Bob Vila owns the web term, and big DIY channels cover crack repair as how-tos. Win by filling identical driveway cracks with each product and showing a freeze-thaw and flex result, split by crack width.",Quikrete Advanced Polymer Concrete Crack Seal; Sikaflex Self-Leveling Sealant; Red Devil 0644 Pre-Mixed Concrete Patch; DAP Concrete Filler & Sealant; Bluestar Flexible Concrete Crack Filler; PC Products PC-Concrete Epoxy
2026-10-06,best crawl space dehumidifier,Top 5 BEST Crawl Space Dehumidifiers in 2026 | Watch Before You Buy,S2,Cooling & Air Quality,"~3,000-6,000 (ESTIMATED)",Not measured (no API credentials),Not measured (no API credentials),MEDIUM,"High-ticket ($800-$1,600) units with large affiliate payouts.","Bob Vila owns the web; on YouTube, AlorAir's own channel and a few crawl-space contractors dominate with brand-biased videos. Win with a brand-neutral comparison of pints per day, noise, and pump/drain setup.",AlorAir Sentinel HD55; AlorAir Sentinel HD90; AprilAire E070; Santa Fe Compact70; BlueDri BD-76P
2026-10-06,best keypad deadbolt,Which Keypad Deadbolt Should You Buy? Top 5 Picks Compared,S9,Security & Safety,"~6,000-12,000 (ESTIMATED)",Not measured (no API credentials),Not measured (no API credentials),HIGH,Evergreen security purchase; holiday-travel and rental-host demand.,"Smart-lock tech channels, Consumer Reports and Wirecutter own it, but they focus on Wi-Fi smart locks. Win with a non-Wi-Fi keypad angle: battery life, BHMA grade, and 10-minute install for people who don't want an app.",Schlage Encode Plus; Yale Assure Lock 2 Keypad; Kwikset SmartCode 916; Schlage BE365 Camelot Keypad Deadbolt; ULTRALOQ U-Bolt Pro; TEEHO TE001
2026-10-06,best carpet stretcher,Best Carpet Stretcher for DIY Re-Stretching (2026),S4,Flooring,"~1,500-3,000 (ESTIMATED)",Not measured (no API credentials),Not measured (no API credentials),LOW,"Niche but buyer-ready DIY intent; YouTube is how-to content, with no product roundup.",-,Roberts 10-412-2 Deluxe Knee Kicker; Roberts 10-237 Junior Power Stretcher; Roberts 10-254V Power-Lok Value Kit; Crain 500 Stretcher; Crain 520 Swivel-Lock Stretcher; VonHaus Carpet Knee Kicker
2026-10-06,best paint roller,I Tested the Best Paint Rollers — Here's What Actually Works in 2026,S6,Paint & Painting Supplies,"~4,000-8,000 (ESTIMATED)",Not measured (no API credentials),Not measured (no API credentials),MEDIUM,Evergreen; interior painting rises in fall; cheap multi-buy add-ons.,"Pro-painter channels (e.g. Paint Life TV-style creators) own it with nap-explainer videos, not ranked buyer roundups. Win with a shed, spatter and coverage test of each cover on the same wall, plus a 'best for beginners' pick.",Wooster Pro/Doo-Z 9in Roller Cover; Purdy White Dove Roller Cover; Purdy Colossus Roller Cover; Wooster Super/Fab Roller Cover; Purdy Revolution Pro Roller Frame; Wooster Sherlock R017 Roller Frame
2026-10-06,best door draft stopper,7 Best Door Draft Stoppers Under $50 – Best Bang for Your Buck!,S5,Doors & Windows,"~5,000-10,000 (ESTIMATED)",Not measured (no API credentials),Not measured (no API credentials),MEDIUM,Peak demand Oct-Jan; low price and high volume on Amazon.,Bob Vila and Apartment Therapy own the web; YouTube has several small TikTok-style reviews. Win with a smoke-pencil and thermal-camera test of each stopper on a real exterior door.,Maxtid Adjustable Door Draft Stopper; Holikme Twin Door Draft Stopper; Evelots Magnetic Door Draft Stopper; Fowong 38in Heavy Door Draft Stopper; Sunolga 38in Door Draft Stopper; Frost King B79/36H Slide-On Door Bottom
2026-10-06,best gutter guards,5 Best Gutter Guards in 2026,S3,Outdoor Home Improvement,"~15,000-30,000 (ESTIMATED)",Not measured (no API credentials),Not measured (no API credentials),HIGH,Leaf-fall peak right now; very high homeowner volume.,"Bob Vila, This Old House and installer brands (LeafFilter ads) own it, and most videos are installer sales pitches. Win with an honest DIY-only roundup: an on-roof leaf and pine-needle test plus a cost per 100 ft.",Raptor Stainless Steel Micro-Mesh Gutter Guard; A-M Aluminum Gutter Guard; Amerimax Lock-In Metal Mesh Gutter Guard; GutterBrush Simple Gutter Guard; FlexxPoint Aluminum Gutter Guard; Frost King VX620 Plastic Gutter Guard
2026-10-06,best basement waterproofing paint,Top 5 Basement Waterproofing Paints to Buy,S1,Building Materials,"~2,000-4,000 (ESTIMATED)",Not measured (no API credentials),Not measured (no API credentials),LOW,"Fall basement-finishing projects; web results are brand blogs and forum threads, with no video roundup.",-,DRYLOK Extreme Masonry Waterproofer; DRYLOK Original Masonry Waterproofer; KILZ Basement & Masonry Waterproofing Paint; Rust-Oleum Watertite-LX; Liquid Rubber Foundation & Basement Sealant; Behr Premium Basement & Masonry Waterproofer
